,y_test,y_pred_LR,y_pred_GB
0,5936.192643402577,5936.206902410835,5913.406423379483
1,8770.460136375721,8770.44064857252,8458.1781065753
2,7576.253222222846,7576.253596995026,7955.06418666919
3,7215.479259259853,7215.490766717121,6871.909005978165
4,6544.652389351341,6544.676738420501,6369.475123706285
